GENE,COORDINATES,Transcript,Quality,Filter
IMPG2,3:101232831,NM_016247.3:c.3183C>G,34/64,PASS
BRCA1,17:43067616,NM_007294.3:c.5066T>C,49/131,PASS
FBN1,15:48600225,NM_000138.4:c.356G>A,46/99,PASS
MYH7,14:23426833,NM_000257.3:c.1988G>A,8/102,NO PASS
BORIS,9:133256042,rs56116432,1/200,NO PASS
BRCA1,77:43071077,rs1799966,14/85,PASS
CFTR,7:117199558,ENST00000003084:c.1431_1433delTTC,99/100,PASS
CFTR,7:117559502,ENST00000003084:c.1431_1433delTTC,99/100,PASS
HLA-C,6:31271394,NM_002117.5:c.344-46_344-45insT,34/64,PASS
HLA-C,6:31271394,NM_002117.5:c.344XX-46_344-45insT,34/64,PASS
HLA-C,6:31271394,rs9281300,34/64,PASS
LPL,8:19956018,NM_000237.2:c.953A>G,34/64,PASS
TSC2,16:2088197,rs1799758,34/64,PASS