GENE,COORDINATES,VARIANT,,
IMPG2,3:101232831,NM_016247.3:c.3183C>G,34/64,PASS
BRCA1,17:43067616,NM_007294.3:c.5066T>C,49/131,PASS
FBN1,15:48600225,NM_000138.4:c.356G>A,46/99,PASS
MYH7,14:23426833,NM_000257.3:c.1988G>A,8/102,NO PASS
BORIS,9:133256042,rs56116432,1/200,NO PASS
BRCA1,17:43071077,rs1799966,14/85,PASS
CFTR,7:117199558,ENST00000003084:c.1431_1433delTTC,99/100,PASS
CFTR,7:117559502,ENST00000003084:c.1431_1433delTTC,99/100,PASS
HLA-C,6:31271394,NM_002117.5:c.344-46_344-45insT,34/64,PASS
FANCE,6:35459754,ENST00000229769:c.1310T>C,,